{"cameraMode":{"drawMode":0,"name":"Shaded","section":"Shading Mode"},"sceneLighting":false,"audioPlay":false,"sceneViewState":{"showFog":true,"showMaterialUpdate":false,"showSkybox":false,"showFlares":true,"showImageEffects":true,"showParticleSystems":true},"in2DMode":false,"pivot":{"x":0.15000000596046449,"y":0.656499981880188,"z":0.25},"rotation":{"x":0.07213819772005081,"y":0.7683483958244324,"z":-0.08795776218175888,"w":0.6298812031745911},"size":0.0726102814078331,"orthographic":false}